Stage,Coefficient
retail,1.0000000000000016
farm,1.0000000000000007
transport,1.0000000000000004
land_use_change,0.9999999999999999
animal_feed,0.9999999999999987
packaging,0.9999999999999983
processing,0.9999999999999971
