{"_step":1,"mse":1.1583997832613929e-29,"r2":1,"_timestamp":1.766804666206811e+09,"linear_coefficients":{"width":800,"height":500,"_type":"image-file","sha256":"1ab845ee9ec26985a5d12054d3f49dd8ac006d9390b515223a2039309bdb0bc3","size":20890,"path":"media/images/linear_coefficients_1_1ab845ee9ec26985a5d1.png","format":"png"},"_wandb":{"runtime":4},"_runtime":4}