feature,importance,std
retail,-0.04615384615384612,0.03768445758127963
processing,-0.02307692307692304,0.060078843660820405
farm,0.0,0.0
land_use_change,0.0,0.0
animal_feed,0.007692307692307698,0.023076923076923096
transport,0.04615384615384619,0.03768445758127969
packaging,0.07692307692307697,0.034401045807689073
