Stage,Coefficient
Retail,1.0000000000000016
Farm,1.0000000000000007
Transport,1.0000000000000004
Land use change,0.9999999999999999
Animal Feed,0.9999999999999987
Packaging,0.9999999999999983
Processing,0.9999999999999971
