,Stage,Coefficient
0,Land use change,1.4540694602983915
1,Animal Feed,0.6363660560389227
2,Farm,0.6203032561698749
3,Processing,0.275108359738068
5,Packaging,0.2197440970773602
4,Transport,0.1026214576814548
6,Retail,0.05825596430872039
