,precision,recall,f1-score,support
0,0.9,1.0,0.9473684210526315,9.0
1,1.0,0.75,0.8571428571428571,4.0
accuracy,0.9230769230769231,0.9230769230769231,0.9230769230769231,0.9230769230769231
macro avg,0.95,0.875,0.9022556390977443,13.0
weighted avg,0.9307692307692308,0.9230769230769231,0.9196067090803932,13.0
