Food Product,Predicted_Probability,Predicted_Class
10,0.025477735244427167,0
23,0.024583389260670996,0
34,0.9799424814426482,1
21,0.02437096288038165,0
6,0.0299088785780022,0
22,0.02437096288038165,0
38,0.18723116259726488,0
14,0.5685157839575234,1
7,0.38035613980780203,0
19,0.6940828105930346,1
37,0.7974271115996359,1
31,0.8732420957391586,1
41,0.09802397179060465,0
